{"Ju Ze N G34125": {"beg_time": [10, ""], "beg_bbbv_s": [2, ""], "int_time": [5.8, "Ju Ze En_Int_6.8(3bv30).avf"], "int_bbbv_s": [5.6835637480798775, "Ju Ze En_Int_7.51(3bv37).avf"], "exp_time": [27.53, "Ju Ze En_Exp_28.53(3bv119).avf"], "exp_bbbv_s": [4.322557210316019, "Ju Ze En_Exp_28.53(3bv119).avf"]}, "Wang Jianing889": {"beg_time": [1.8900000000000001, "Beg_1.89_3BV=5_3BVs=2.64_Wang Jianing.avf"], "beg_bbbv_s": [2.645502645502645, "Beg_1.89_3BV=5_3BVs=2.64_Wang Jianing.avf"], "int_time": [60, ""], "int_bbbv_s": [1, ""], "exp_time": [77.07, "Exp_NF_77.07_3BV=192_3BVs=2.49_Wang Jianing.avf"], "exp_bbbv_s": [2.7131782945736433, "Exp_NF_77.40_3BV=210_3BVs=2.71_Wang Jianing.avf"]}, "rainforest": {"beg_time": [10, ""], "beg_bbbv_s": [2, ""], "int_time": [60, ""], "int_bbbv_s": [1, ""], "exp_time": [48.4, "Pan Jun Lin_Exp_49.4(3bv141).avf"], "exp_bbbv_s": [2.9132231404958677, "Pan Jun Lin_Exp_49.4(3bv141).avf"]}, "Wang JianingG735": {"beg_time": [2.08, "Beg_2.08_3BV=5_3BVs=2.40_Wang Jianing.avf"], "beg_bbbv_s": [2.4038461538461537, "Beg_2.08_3BV=5_3BVs=2.40_Wang Jianing.avf"], "int_time": [60, ""], "int_bbbv_s": [1, ""], "exp_time": [76.26, "Exp_76.26_3BV=175_3BVs=2.29_Wang Jianing.avf"], "exp_bbbv_s": [2.543595122590796, "Exp_76.27_3BV=194_3BVs=2.54_Wang Jianing.avf"]}, "Wang Jianing G270": {"beg_time": [1.77, "Beg_1.77_3BV=4_3BVs=2.25_Wang Jianing.avf"], "beg_bbbv_s": [3.7837837837837838, "Beg_1.85_3BV=7_3BVs=3.78_Wang Jianing.avf"], "int_time": [27.55, "Int_27.55_3BV=67_3BVs=2.43_Wang Jianing.avf"], "int_bbbv_s": [2.577132486388385, "Int_27.55_3BV=71_3BVs=2.57_Wang Jianing.avf"], "exp_time": [76.22, "Exp_76.22_3BV=212_3BVs=2.78_Wang Jianing.avf"], "exp_bbbv_s": [2.781422198897927, "Exp_76.22_3BV=212_3BVs=2.78_Wang Jianing.avf"]}, "Wang Jianing": {"beg_time": [2.01, "Beg_2.01_3BV=4_3BVs=1.99_Wang Jianing.avf"], "beg_bbbv_s": [2, ""], "int_time": [27.43, "Int_27.43_3BV=80_3BVs=2.91_Wang Jianing.avf"], "int_bbbv_s": [3.1636363636363636, "Int_27.50_3BV=87_3BVs=3.16_Wang Jianing.avf"], "exp_time": [77.03, "Exp_NF_77.03_3BV=146_3BVs=1.89_Wang Jianing.avf"], "exp_bbbv_s": [2.384327877303776, "Exp_NF_77.59_3BV=185_3BVs=2.38_Wang Jianing.avf"]}, "Che Rufei (Hubei)": {"beg_time": [10, ""], "beg_bbbv_s": [2, ""], "int_time": [60, ""], "int_bbbv_s": [1, ""], "exp_time": [63.760000000000005, "Che Rufei_Exp_64.76(3bv149).avf"], "exp_bbbv_s": [2.3546809236719373, "Che Rufei_Exp_88.91(3bv207).avf"]}, "Wang Jianing446": {"beg_time": [10, ""], "beg_bbbv_s": [2, ""], "int_time": [60, ""], "int_bbbv_s": [1, ""], "exp_time": [77.1, "Exp_NF_77.10_3BV=214_3BVs=2.77_Wang Jianing.avf"], "exp_bbbv_s": [2.7756160830090795, "Exp_NF_77.10_3BV=214_3BVs=2.77_Wang Jianing.avf"]}, "Ju Ze En5821": {"beg_time": [10, ""], "beg_bbbv_s": [2, ""], "int_time": [6.84, "Ju Ze En_Int_7.84(3bv34).avf"], "int_bbbv_s": [4.970760233918129, "Ju Ze En_Int_7.84(3bv34).avf"], "exp_time": [240, ""], "exp_bbbv_s": [0.5, ""]}, "Wang Jianing2781": {"beg_time": [10, ""], "beg_bbbv_s": [2, ""], "int_time": [27.45, "Int_27.45_3BV=70_3BVs=2.55_Wang Jianing.avf"], "int_bbbv_s": [2.5500910746812386, "Int_27.45_3BV=70_3BVs=2.55_Wang Jianing.avf"], "exp_time": [240, ""], "exp_bbbv_s": [0.5, ""]}, "JuZeEn3258": {"beg_time": [10, ""], "beg_bbbv_s": [2, ""], "int_time": [60, ""], "int_bbbv_s": [1, ""], "exp_time": [28.84, "Ju Ze En_Exp_29.84(3bv131).avf"], "exp_bbbv_s": [4.542302357836339, "Ju Ze En_Exp_29.84(3bv131).avf"]}, "Zhou Tong Xin": {"beg_time": [10, ""], "beg_bbbv_s": [2, ""], "int_time": [60, ""], "int_bbbv_s": [1, ""], "exp_time": [54.77, "Zhou Tong Xin_Exp_55.77(3bv176).avf"], "exp_bbbv_s": [3.213438013511046, "Zhou Tong Xin_Exp_55.77(3bv176).avf"]}, "Wang Jianing G34125": {"beg_time": [10, ""], "beg_bbbv_s": [2, ""], "int_time": [60, ""], "int_bbbv_s": [1, ""], "exp_time": [76.22, "Exp_76.22_3BV=185_3BVs=2.42_Wang Jianing.avf"], "exp_bbbv_s": [2.4271844660194177, "Exp_76.22_3BV=185_3BVs=2.42_Wang Jianing.avf"]}}
